Time, V_g(t), V_g(0), V_g(t)/V_g(0)
0.000250, 0.026121, 0.026121, 100.000000
0.000500, 0.026121, 0.026121, 100.000261
0.000750, 0.026121, 0.026121, 100.000267
0.001000, 0.026121, 0.026121, 100.000272
