Time, x, z, 
0.000000, 0.146000, 0.292000
0.000250, 0.146001, 0.291999
0.000500, 0.146004, 0.292000
0.000750, 0.146008, 0.292000
0.001000, 0.146014, 0.291999
