Time, x, z, 
0.000000, 0.000000, 0.000000
0.000100, 0.146000, 0.292000
