Time, V_g(t), V_g(0), V_g(t)/V_g(0)
0.000100, 0.026137, 0.026137, 100.000000
