Time, V_g(t), V_g(0), V_g(t)/V_g(0)
0.000250, 0.026122, 0.026122, 100.000000
