Time, x, z, 
0.000000, 0.292000
Time, x, z, 
0.000000, 0.146000, Time, x, z, 
0.000000, Time, x, z, 
0.000000, 0.000250, 0.000250, 0.000250, 0.292000
0.000250, 0.146000, 